time_from_event_s,filtered_strain
-12.00009775,-7.225810473437e-23
-11.98032236,1.587293330518e-22
-11.96030283,1.928183004581e-23
-11.9402833,1.646456729908e-22
-11.92026377,-8.435057003181e-23
-11.90024424,9.981393159549e-23
-11.8802247,8.862967587129e-24
-11.86020517,-7.819434073766e-23
-11.84018564,-7.228051761182e-23
-11.82016611,3.130767740085e-24
-11.80014658,-1.522270292017e-23
-11.78012705,1.103283006470e-23
-11.76010752,-6.061236021887e-23
-11.74008799,-1.645371186763e-22
-11.72006845,-1.567732056343e-22
-11.70004892,-5.331518703445e-23
-11.68002939,-1.751641195571e-22
-11.66000986,-1.070362679123e-22
-11.63999033,1.476224352310e-23
-11.6199708,2.952503891463e-23
-11.59995127,1.059568463023e-22
-11.57993174,3.266744613899e-23
-11.5599122,1.725313855520e-23
-11.53989267,2.627929465652e-23
-11.51987314,-6.995223054965e-24
-11.49985361,8.581107264145e-23
-11.47983408,2.628047797037e-24
-11.45981455,-1.686584331495e-22
-11.43979502,-7.404316056687e-23
-11.41977549,-1.883154317049e-22
-11.39975595,-3.454541183097e-23
-11.37973642,-4.396295552354e-23
-11.35971689,-1.772781606603e-23
-11.33969736,8.695303519707e-23
-11.31967783,-2.811919323431e-23
-11.2996583,-2.577224649802e-22
-11.27963877,2.324511238060e-22
-11.25961924,-9.822434728802e-23
-11.2395997,-1.019387201410e-22
-11.21958017,4.214696825933e-24
-11.19956064,2.348666541039e-23
-11.17954111,5.793258724819e-23
-11.15952158,-7.179992349433e-23
-11.13950205,-1.338343430442e-22
-11.11948252,-1.124755036342e-22
-11.09946299,7.057289923654e-24
-11.07944345,6.145336970109e-23
-11.05942392,1.001703431880e-22
-11.03940439,-2.897833668607e-22
-11.01938486,1.853552459685e-22
-10.99936533,-3.139379357419e-23
-10.9793458,-1.973965875419e-22
-10.95932627,1.442471841789e-22
-10.93930674,7.216210995244e-23
-10.9192872,6.549395347286e-23
-10.89926767,5.008187141319e-23
-10.87924814,-3.755177727109e-23
-10.85922861,3.763376430414e-23
-10.83920908,-1.864810719255e-22
-10.81918955,2.402134552122e-22
-10.79917002,-1.420307207375e-22
-10.77915049,2.101451632242e-22
-10.75913095,-1.617615203062e-22
-10.73911142,-6.558525805716e-24
-10.71909189,9.133646630636e-23
-10.69907236,-9.364525016083e-23
-10.67905283,2.235706814458e-22
-10.6590333,1.045629260024e-22
-10.63901377,1.190904391447e-22
-10.61899424,8.988997070389e-23
-10.5989747,1.293844574648e-22
-10.57895517,-5.692498440758e-23
-10.55893564,-1.180015788905e-22
-10.53891611,7.011037279143e-23
-10.51889658,3.548608424915e-23
-10.49887705,-9.753386552022e-25
-10.47885752,4.473535305460e-23
-10.45883799,1.042740988300e-22
-10.43881845,-5.490936985628e-23
-10.41879892,1.285633330862e-22
-10.39902353,1.002548430004e-22
-10.379004,1.712680887860e-22
-10.35898447,8.217394749040e-23
-10.33896494,-3.118455924280e-23
-10.31894541,4.287023117518e-23
-10.29892588,1.750802047374e-22
-10.27890635,5.625613245871e-23
-10.25888681,-1.675301275909e-22
-10.23886728,-1.280016234568e-23
-10.21884775,2.436324177777e-22
-10.19882822,-8.518803715427e-23
-10.17880869,9.937789898960e-23
-10.15878916,1.839774421520e-22
-10.13876963,1.629280588853e-22
-10.1187501,1.822955879818e-22
-10.09873056,1.545981676543e-22
-10.07871103,-2.718046763226e-22
-10.0586915,-1.055770668402e-22
-10.03867197,-9.911416724905e-23
-10.01865244,5.624914175088e-23
-9.99863291,-1.014966008557e-22
-9.97861338,1.743830030860e-22
-9.95859385,8.483108343302e-23
-9.93857431,-7.847281444932e-23
-9.91855478,5.031882077738e-23
-9.89853525,4.772411030307e-23
-9.87851572,-2.711203274698e-22
-9.85849619,1.824469916054e-22
-9.83847666,5.132819864889e-23
-9.81845713,8.983396477336e-23
-9.7984376,1.700995426861e-22
-9.77841806,5.225088885127e-23
-9.75839853,-1.084455888155e-22
-9.738379,-1.747372636793e-22
-9.71835947,-3.776840448639e-23
-9.69833994,4.285602384806e-23
-9.67832041,-9.304781602645e-23
-9.65830088,8.062789635754e-23
-9.63828135,4.838143379552e-23
-9.61826181,1.842188019873e-22
-9.59824228,4.557012168362e-23
-9.57822275,9.018922015685e-23
-9.55820322,1.237977977286e-22
-9.53818369,1.376036040042e-22
-9.51816416,6.725328921194e-23
-9.49814463,3.343244733336e-22
-9.4781251,-1.215991239327e-22
-9.45810556,-1.309296949500e-22
-9.43808603,-1.761326114466e-22
-9.4180665,-1.426897732305e-22
-9.39804697,-1.491860857838e-22
-9.37802744,-1.279835498230e-23
-9.35800791,1.724713484099e-22
-9.33798838,-1.315452500461e-22
-9.31796885,-9.428619292424e-23
-9.29794931,5.544925891101e-23
-9.27792978,-9.464117385850e-23
-9.25791025,6.783182773721e-23
-9.23789072,5.158015186881e-23
-9.21787119,1.113736601787e-22
-9.19785166,6.948665793419e-23
-9.17783213,-4.349146680885e-23
-9.1578126,-2.432898867924e-23
-9.13779306,-9.864740063153e-23
-9.11777353,-8.994923931476e-23
-9.097754,2.625204564628e-22
-9.07773447,-6.061011684397e-23
-9.05771494,1.961037723224e-22
-9.03769541,7.675462489438e-23
-9.01767588,1.095067746784e-22
-8.99765635,-7.954400368546e-23
-8.97763681,-1.594611687942e-23
-8.95761728,2.437807547255e-22
-8.93759775,-1.111772422629e-22
-8.91757822,-3.159823480681e-23
-8.89755869,-1.595656724175e-22
-8.87753916,-1.033962496647e-22
-8.85751963,1.475942119564e-23
-8.8375001,-1.091964373848e-22
-8.81748056,-2.552873128766e-22
-8.79770517,-4.022405806256e-23
-8.77768564,2.195917739807e-22
-8.75766611,-4.578516003882e-23
-8.73764658,-1.011484850436e-23
-8.71762705,4.029145768398e-23
-8.69760752,1.508988016148e-22
-8.67758799,2.524596159887e-23
-8.65756845,-1.508459663603e-24
-8.63754892,1.239575600376e-22
-8.61752939,-1.670277930847e-22
-8.59750986,1.689206044762e-22
-8.57749033,-2.619837110842e-22
-8.5574708,-2.077696196174e-22
-8.53745127,2.128177428551e-23
-8.51743174,-4.718890260789e-23
-8.4974122,1.779232050421e-22
-8.47739267,-1.255672088923e-22
-8.45737314,2.254348261564e-22
-8.43735361,-8.073985385791e-23
-8.41733408,-1.245119321372e-22
-8.39731455,-1.775049140080e-23
-8.37729502,-3.182056269350e-22
-8.35727549,7.993220750799e-23
-8.33725595,1.005232515614e-22
-8.31723642,-1.166601417093e-22
-8.29721689,1.199267412849e-22
-8.27719736,-1.639770752542e-22
-8.25717783,1.316120037629e-22
-8.2371583,-1.117054156281e-22
-8.21713877,-3.697579006351e-23
-8.19711924,5.169130584500e-23
-8.1770997,9.466279750896e-23
-8.15708017,3.285189720819e-22
-8.13706064,4.240731718583e-24
-8.11704111,3.165662736594e-23
-8.09702158,-9.970372158684e-23
-8.07700205,-1.283895500922e-22
-8.05698252,-1.781853926801e-22
-8.03696299,-5.801683049922e-23
-8.01694345,3.055541721515e-23
-7.99692392,8.560123994919e-23
-7.97690439,-4.408475773653e-23
-7.95688486,1.458329889055e-23
-7.93686533,1.537760913982e-22
-7.9168458,1.744228829347e-23
-7.89682627,-8.196188036297e-24
-7.87680674,-8.170132296628e-23
-7.8567872,1.933773235910e-22
-7.83676767,1.704737856996e-23
-7.81674814,-2.612120718058e-23
-7.79672861,-2.471171784573e-22
-7.77670908,-6.799522953585e-23
-7.75668955,-7.751396859774e-23
-7.73667002,6.166088198427e-23
-7.71665049,-9.592776262871e-24
-7.69663095,5.747220629746e-24
-7.67661142,5.696225497746e-23
-7.65659189,1.928870362171e-23
-7.63657236,-7.162295790148e-23
-7.61655283,1.669416908726e-22
-7.5965333,9.111024988874e-23
-7.57651377,1.754055709759e-23
-7.55649424,-1.231048832295e-22
-7.5364747,-3.013945462498e-22
-7.51645517,-3.449285049906e-23
-7.49643564,-6.282025547927e-23
-7.47641611,6.096211454771e-23
-7.45639658,-1.124607374872e-22
-7.43637705,8.603950190139e-23
-7.41635752,8.965490972721e-24
-7.39633799,5.273359489905e-23
-7.37631845,7.289449645009e-23
-7.35629892,6.873657531603e-23
-7.33627939,-6.756321331175e-23
-7.31625986,3.940502467557e-23
-7.29624033,1.014125571429e-22
-7.2762208,-7.321283947329e-23
-7.25620127,5.697071800075e-23
-7.23618174,-3.038418096170e-23
-7.2161622,-1.813635036158e-22
-7.19638681,7.653963975106e-23
-7.17636728,8.127267525542e-23
-7.15634775,-6.735088355239e-23
-7.13632822,2.451119231629e-22
-7.11630869,7.755407697552e-23
-7.09628916,-1.657428942809e-23
-7.07626963,1.955144772811e-22
-7.0562501,-1.975006136589e-22
-7.03623056,-1.324191954578e-22
-7.01621103,-3.259059676144e-22
-6.9961915,1.534488117749e-22
-6.97617197,-8.723513506846e-23
-6.95615244,-1.234751474317e-22
-6.93613291,-3.997737685198e-23
-6.91611338,4.648328184389e-23
-6.89609385,-1.024050990644e-22
-6.87607431,1.752600667539e-22
-6.85605478,-4.957651914966e-23
-6.83603525,-6.073460936604e-23
-6.81601572,-2.013886644507e-22
-6.79599619,-4.016412925591e-23
-6.77597666,-1.117996083970e-22
-6.75595713,-2.185636113412e-23
-6.7359376,-3.929237037017e-23
-6.71591806,-5.816334363088e-23
-6.69589853,-8.801953019387e-23
-6.675879,-1.809675702270e-24
-6.65585947,-6.924697446432e-23
-6.63583994,1.576471826901e-22
-6.61582041,-4.423544612781e-23
-6.59580088,-3.364227597027e-23
-6.57578135,-2.175881004891e-22
-6.55576181,-6.147244720907e-23
-6.53574228,-7.768194454631e-23
-6.51572275,4.197239098106e-23
-6.49570322,8.416741550755e-23
-6.47568369,5.894258240585e-23
-6.45566416,8.010517587453e-23
-6.43564463,1.324218509772e-22
-6.4156251,6.729981733672e-23
-6.39560556,1.643058999888e-22
-6.37558603,7.713148487122e-23
-6.3555665,-1.988543583193e-22
-6.33554697,7.716787903790e-23
-6.31552744,3.714055537328e-23
-6.29550791,-2.616838970145e-22
-6.27548838,-4.312325027179e-24
-6.25546885,-3.869205623562e-24
-6.23544931,-9.700793286436e-23
-6.21542978,-2.996048765797e-23
-6.19541025,9.907397215263e-23
-6.17539072,-3.145476269649e-23
-6.15537119,-5.128563975358e-23
-6.13535166,1.040541210230e-22
-6.11533213,1.236559828718e-23
-6.0953126,-2.950207476637e-24
-6.07529306,2.660423401521e-22
-6.05527353,4.287997952243e-23
-6.035254,1.759783944525e-22
-6.01523447,2.432354763811e-23
-5.99521494,-7.416857067320e-23
-5.97519541,-1.350366645690e-22
-5.95517588,7.914391063209e-23
-5.93515635,1.036616001205e-22
-5.91513681,1.728061760440e-24
-5.89511728,-2.373917317768e-22
-5.87509775,1.562530903997e-22
-5.85507822,-3.733484486804e-23
-5.83505869,2.074753171475e-22
-5.81503916,-3.116731651281e-23
-5.79501963,3.272634785952e-22
-5.7750001,8.379864354929e-23
-5.75498056,-8.320535796313e-23
-5.73496103,-1.394379977893e-23
-5.7149415,1.311079965312e-22
-5.69492197,1.264344276024e-22
-5.67490244,3.078280714845e-22
-5.65488291,3.527652013988e-24
-5.63486338,5.187313925092e-23
-5.61484385,-1.836163730491e-23
-5.59506845,-1.428574336458e-22
-5.57504892,2.438951656061e-24
-5.55502939,1.717887689602e-22
-5.53500986,-1.940411108134e-23
-5.51499033,1.926351327900e-22
-5.4949708,-2.733377210395e-24
-5.47495127,-2.122603756912e-22
-5.45493174,1.955515372669e-23
-5.4349122,1.687998887023e-23
-5.41489267,-1.054218083806e-22
-5.39487314,-1.476438389224e-23
-5.37485361,5.488514848042e-23
-5.35483408,1.100231770279e-22
-5.33481455,-6.718605391465e-23
-5.31479502,-6.392528343425e-24
-5.29477549,-1.755832707506e-22
-5.27475595,3.356984130841e-23
-5.25473642,-1.455854253944e-22
-5.23471689,2.763410053342e-23
-5.21469736,-1.822950321218e-22
-5.19467783,2.785728913561e-22
-5.1746583,-5.862519446574e-23
-5.15463877,-9.472124865298e-23
-5.13461924,-2.749226850982e-22
-5.1145997,1.631828051411e-23
-5.09458017,-5.479544395175e-23
-5.07456064,2.027323336496e-22
-5.05454111,-1.515931085405e-22
-5.03452158,-2.748230553371e-23
-5.01450205,-1.951608422214e-22
-4.99448252,8.927402762328e-23
-4.97446299,-2.775432170372e-24
-4.95444345,1.252914363574e-24
-4.93442392,1.380018284350e-22
-4.91440439,-7.545581252176e-23
-4.89438486,2.039681471153e-23
-4.87436533,-1.878397248223e-23
-4.8543458,-1.427850814169e-22
-4.83432627,-8.349335258034e-23
-4.81430674,-9.994407123121e-23
-4.7942872,4.798650194281e-23
-4.77426767,-1.117381301176e-22
-4.75424814,-6.830703965809e-23
-4.73422861,8.439791987214e-23
-4.71420908,-1.088425982672e-22
-4.69418955,8.602820614037e-24
-4.67417002,1.200163636115e-22
-4.65415049,-1.056778287469e-22
-4.63413095,-1.767985060625e-22
-4.61411142,-6.759305805343e-24
-4.59409189,2.092540441243e-22
-4.57407236,-8.724286117104e-24
-4.55405283,1.100644060875e-22
-4.5340333,-1.475664701779e-22
-4.51401377,1.333853261001e-22
-4.49399424,-1.776361844679e-22
-4.4739747,-1.688503216177e-22
-4.45395517,-1.429873970703e-22
-4.43393564,7.956411570226e-23
-4.41391611,1.152215145708e-23
-4.39389658,4.319597673195e-24
-4.37387705,6.122293497837e-23
-4.35385752,1.679561027507e-22
-4.33383799,3.742647366858e-24
-4.31381845,4.947071622645e-23
-4.29379892,-1.686023336996e-23
-4.27377939,6.523233229876e-24
-4.25375986,2.781206771935e-23
-4.23374033,8.070241657642e-23
-4.2137208,-6.863620491658e-23
-4.19370127,7.807018942113e-23
-4.17368174,8.773249574865e-23
-4.1536622,-1.639903102020e-23
-4.13364267,1.154527251992e-23
-4.11362314,-1.523047987089e-22
-4.09360361,-2.680551909183e-23
-4.07358408,-3.664592396002e-22
-4.05356455,-3.042503164787e-22
-4.03354502,-1.972494804195e-22
-4.01352549,-3.532833598237e-22
-3.9937501,6.700088767353e-23
-3.97373056,3.019986713643e-23
-3.95371103,2.926107029385e-22
-3.9336915,-1.208674345482e-22
-3.91367197,-1.982339487560e-22
-3.89365244,1.106193626350e-22
-3.87363291,-3.350463121981e-23
-3.85361338,1.224901757489e-22
-3.83359385,-4.959371428466e-23
-3.81357431,-3.470599401717e-23
-3.79355478,-7.719085445509e-23
-3.77353525,-3.597935219226e-23
-3.75351572,4.430829185114e-23
-3.73349619,4.202204243941e-23
-3.71347666,1.234561070516e-22
-3.69345713,1.415957451307e-22
-3.6734376,9.374573176727e-23
-3.65341806,2.528532368341e-22
-3.63339853,1.105116356240e-22
-3.613379,-2.615575364497e-22
-3.59335947,5.950564475894e-23
-3.57333994,-1.230558767978e-22
-3.55332041,1.473541773105e-22
-3.53330088,7.072651701200e-23
-3.51328135,-9.772784144464e-23
-3.49326181,1.067330971498e-23
-3.47324228,4.097215223786e-23
-3.45322275,7.802578725312e-23
-3.43320322,2.217295704118e-22
-3.41318369,1.164248903731e-22
-3.39316416,2.226003615746e-23
-3.37314463,-1.368139300810e-22
-3.3531251,1.325041918718e-22
-3.33310556,1.018749173552e-22
-3.31308603,1.691881292542e-22
-3.2930665,-1.490187146974e-22
-3.27304697,4.547226760699e-23
-3.25302744,-5.662788141909e-23
-3.23300791,-7.309054801333e-23
-3.21298838,-1.640200696533e-22
-3.19296885,-8.000558556696e-24
-3.17294931,-2.172472803110e-22
-3.15292978,1.045851213947e-22
-3.13291025,-5.980072152980e-23
-3.11289072,1.916089838723e-22
-3.09287119,-9.319772427671e-23
-3.07285166,1.014332154408e-22
-3.05283213,-2.851686529256e-23
-3.0328126,3.257867717435e-23
-3.01279306,1.025394021872e-22
-2.99277353,-8.470674453132e-23
-2.972754,-8.833507783957e-23
-2.95273447,1.116018800410e-22
-2.93271494,-1.305828679157e-22
-2.91269541,2.390027669737e-22
-2.89267588,-1.083173809675e-22
-2.87265635,-3.195772165430e-22
-2.85263681,-4.116932842604e-23
-2.83261728,2.261414585696e-23
-2.81259775,-7.249054453917e-23
-2.79257822,8.541473417873e-23
-2.77255869,-2.356341896738e-22
-2.75253916,1.472533101668e-23
-2.73251963,5.223264399472e-24
-2.7125001,1.223769710263e-22
-2.69248056,1.402992180326e-22
-2.67246103,1.043976535191e-22
-2.6524415,-2.405322524499e-23
-2.63242197,-1.037150740899e-22
-2.61240244,1.774852783775e-23
-2.59238291,-3.023164405335e-23
-2.57236338,-7.102316422140e-23
-2.55234385,8.629839218214e-24
-2.53232431,-3.850024562498e-23
-2.51230478,2.113000049086e-23
-2.49228525,1.267107647279e-22
-2.47226572,9.390071604163e-25
-2.45224619,4.332435015212e-23
-2.43222666,2.707375566324e-23
-2.41220713,-8.372638701920e-23
-2.39243174,-2.073334801643e-22
-2.3724122,-1.372701107670e-22
-2.35239267,-6.606790769451e-23
-2.33237314,5.278895839448e-23
-2.31235361,-2.050003860157e-23
-2.29233408,-2.047880186086e-22
-2.27231455,3.696026813401e-23
-2.25229502,-9.946345881219e-23
-2.23227549,-6.347831393246e-23
-2.21225595,-1.233926875011e-22
-2.19223642,-7.292870560190e-23
-2.17221689,-4.434277544409e-23
-2.15219736,1.017061593435e-22
-2.13217783,6.302055044721e-24
-2.1121583,1.201618520519e-23
-2.09213877,-2.361956248741e-22
-2.07211924,1.632304404264e-22
-2.0520997,6.007705069239e-23
-2.03208017,-2.645909215304e-23
-2.01206064,4.291238981676e-23
-1.99204111,6.617985144696e-23
-1.97202158,-3.395243987737e-23
-1.95200205,1.635652562331e-22
-1.93198252,2.703236930326e-22
-1.91196299,1.405800536893e-22
-1.89194345,2.552683870932e-22
-1.87192392,1.403017235619e-23
-1.85190439,-1.006015034190e-22
-1.83188486,-7.905531648618e-23
-1.81186533,3.105192826597e-23
-1.7918458,-6.745769952839e-23
-1.77182627,1.656088693735e-22
-1.75180674,-9.571803541018e-23
-1.7317872,4.512001197189e-23
-1.71176767,-1.766008187538e-22
-1.69174814,9.621208893567e-23
-1.67172861,2.289115731321e-23
-1.65170908,1.302861501204e-22
-1.63168955,-1.880949433760e-22
-1.61167002,6.812099307173e-23
-1.59165049,-1.230087658621e-22
-1.57163095,1.365565511314e-22
-1.55161142,7.906519962019e-23
-1.53159189,-2.442192921604e-22
-1.51157236,8.220012312570e-23
-1.49155283,-8.117926715002e-23
-1.4715333,7.279108911131e-24
-1.45151377,-1.570762402068e-22
-1.43149424,-2.882519719790e-23
-1.4114747,-3.191135135007e-23
-1.39145517,-1.304146898307e-22
-1.37143564,5.355418704551e-23
-1.35141611,5.396463907141e-23
-1.33139658,-2.387464673633e-22
-1.31137705,-1.411331834475e-22
-1.29135752,-2.912453700305e-22
-1.27133799,1.094756172238e-22
-1.25131845,-1.667313810035e-22
-1.23129892,5.863930223777e-23
-1.21127939,1.485856668001e-22
-1.19125986,-2.967218528997e-23
-1.17124033,2.143258313928e-22
-1.1512208,3.111952228316e-23
-1.13120127,8.239940156874e-23
-1.11118174,5.777100644157e-24
-1.0911622,8.721181122548e-23
-1.07114267,9.129479195706e-23
-1.05112314,2.598711100310e-23
-1.03110361,1.892609223953e-22
-1.01108408,-1.531388926964e-22
-0.99106455,8.690843519303e-23
-0.97104502,1.817975439229e-23
-0.95102549,1.943861964967e-24
-0.93100595,-6.096236830848e-24
-0.91098642,2.577532720732e-22
-0.89096689,1.143976113376e-22
-0.87094736,-2.464120318419e-22
-0.85092783,-6.022869172556e-23
-0.8309083,2.995150062723e-23
-0.81088877,-2.602108489044e-23
-0.79111338,1.681396329438e-22
-0.77109385,-1.978528579469e-23
-0.75107431,-1.024027172790e-22
-0.73105478,-9.672918650607e-23
-0.71103525,1.503052805469e-22
-0.69101572,1.943962157326e-23
-0.67099619,8.821675684199e-23
-0.65097666,-4.127822429102e-23
-0.63095713,1.438382301419e-22
-0.6109376,-1.301532064791e-24
-0.59091806,1.401207848620e-22
-0.57089853,-1.546773866270e-23
-0.550879,-2.337342410708e-23
-0.53085947,8.167356315761e-23
-0.51083994,-1.777135884587e-22
-0.49082041,-2.617267008460e-23
-0.47080088,7.973764942872e-24
-0.45078135,-2.551326636723e-22
-0.43076181,1.152603583846e-23
-0.41074228,1.854065855773e-22
-0.39072275,-6.317539669410e-23
-0.37070322,4.202663264249e-23
-0.35068369,-8.656318755490e-23
-0.33066416,-3.198765258379e-22
-0.31064463,-5.577526485701e-23
-0.2906251,-1.444059578870e-22
-0.27060556,-6.674384863519e-23
-0.25058603,1.176339216014e-22
-0.2305665,8.690204998455e-23
-0.21054697,-3.010066339443e-24
-0.19052744,3.621884668368e-23
-0.17050791,-1.927041091202e-22
-0.15048838,-8.442757329706e-24
-0.13046885,1.306765145211e-22
-0.11044931,-1.459542658092e-23
-0.09042978,7.628667829514e-23
-0.07041025,1.046619511450e-22
-0.05039072,7.663369326595e-23
-0.03037119,-1.779115258958e-23
-0.01035166,-4.128395937373e-23
0.00966787,2.461157139889e-22
0.0296874,-8.643567501900e-23
0.04970694,-1.025366391628e-22
0.06972647,-4.412067052975e-24
0.089746,1.316321625386e-22
0.10976553,2.904180255658e-24
0.12978506,6.838856650302e-23
0.14980459,1.220059969542e-22
0.16982412,-7.984837899942e-23
0.18984365,-1.937855974721e-22
0.20986319,-6.741740917195e-23
0.22988272,-1.619472619623e-22
0.24990225,1.277227950537e-22
0.26992178,7.831615569595e-23
0.28994131,9.065862007498e-23
0.30996084,1.305753606265e-22
0.32998037,1.306636072393e-23
0.3499999,2.502354144864e-22
0.37001944,-2.126181686741e-22
0.39003897,7.692179966603e-23
0.4100585,-1.482969110922e-22
0.43007803,2.566870538886e-23
0.45009756,1.150968651276e-22
0.47011709,7.258248567148e-23
0.49013662,-3.073522655166e-23
0.51015615,5.537920197102e-23
0.53017569,1.061475288018e-22
0.55019522,1.767930372314e-22
0.57021475,1.540233797808e-22
0.59023428,-1.877841595578e-22
0.61025381,7.841638087995e-23
0.63027334,-1.386786652893e-22
0.65029287,-3.160930821991e-22
0.6703124,-3.156531305871e-23
0.69033194,6.791833324065e-23
0.71035147,-1.359573348445e-22
0.730371,1.406159877248e-22
0.75039053,1.374109222670e-22
0.77041006,1.012231894175e-22
0.79042959,1.246383685228e-22
0.81020498,-1.558177831724e-22
0.83022451,7.252769262346e-23
0.85024405,-1.037329466774e-22
0.87026358,-2.658089132000e-22
0.89028311,-2.629201116053e-22
0.91030264,4.943281087571e-23
0.93032217,-2.512304933576e-22
0.9503417,-7.639358509512e-23
0.97036123,3.562153870651e-23
0.99038076,1.318445876184e-22
1.0104003,-2.885707101764e-22
1.03041983,9.952163578698e-23
1.05043936,8.092543016544e-23
1.07045889,-2.022442039733e-22
1.09047842,1.571827125072e-22
1.11049795,1.499052088559e-22
1.13051748,1.591487895403e-22
1.15053701,9.200070843093e-23
1.17055655,-5.978669502241e-23
1.19057608,6.912784036098e-23
1.21059561,8.389363534161e-23
1.23061514,8.180080124909e-23
1.25063467,1.283885201069e-22
1.2706542,-3.730190214412e-23
1.29067373,6.783714401921e-23
1.31069326,7.439833610285e-23
1.3307128,-2.174761584965e-22
1.35073233,2.197345307403e-23
1.37075186,2.163782425275e-23
1.39077139,8.779116311030e-23
1.41079092,-7.999392629861e-23
1.43081045,-1.157661746672e-22
1.45082998,-1.382173621960e-23
1.47084951,-5.280273828236e-23
1.49086905,-3.432514781087e-23
1.51088858,-1.035668293544e-22
1.53090811,-1.427460491737e-22
1.55092764,-2.614821037312e-23
1.57094717,-9.706026109832e-23
1.5909667,1.703662932021e-22
1.61098623,-1.174934840566e-22
1.63100576,-1.113388458526e-22
1.6510253,3.037350346967e-23
1.67104483,-1.617601575749e-22
1.69106436,-1.850549832062e-23
1.71108389,3.152434542166e-23
1.73110342,1.186356592665e-22
1.75112295,-5.700612718016e-23
1.77114248,3.368765938041e-23
1.79116201,5.992788168548e-23
1.81118155,1.303236522312e-22
1.83120108,1.797270709789e-23
1.85122061,1.250026836667e-22
1.87124014,1.618727614257e-22
1.89125967,-9.013678310884e-25
1.9112792,9.627453464078e-23
1.93129873,3.447835541762e-23
1.95131826,1.067004466121e-23
1.9713378,-2.678173863434e-23
1.99135733,1.183256572916e-22
2.01137686,-1.013017062348e-23
2.03139639,2.793051580196e-23
2.05141592,9.024128789401e-24
2.07143545,-2.679260170891e-23
2.09145498,-1.443790183546e-23
2.11147451,-7.525777085331e-23
2.13149405,1.947458305215e-22
2.15151358,-1.653784355583e-22
2.17153311,-1.757209360563e-23
2.19155264,1.271275676451e-22
2.21157217,-1.746313359341e-22
2.2315917,-1.066502281138e-22
2.25161123,6.414085608792e-23
2.27163076,-6.697678862726e-23
2.2916503,-4.175702305963e-23
2.31166983,-2.852125515886e-23
2.33168936,1.183181744308e-22
2.35170889,-9.235108064759e-24
2.37172842,-3.813446134639e-23
2.39174795,6.606532837526e-24
2.41152334,3.147206497125e-23
2.43154287,2.397075469635e-23
2.4515624,3.705841544183e-23
2.47158194,1.191783251894e-23
2.49160147,-3.190646544860e-23
2.511621,9.576174527905e-23
2.53164053,3.398111970148e-22
2.55166006,-2.442818895193e-23
2.57167959,7.540782186015e-23
2.59169912,9.561385091520e-24
2.61171865,1.842347545177e-23
2.63173819,2.099840078588e-22
2.65175772,1.343883775675e-22
2.67177725,-8.205070728055e-23
2.69179678,1.742253744861e-23
2.71181631,-6.087881766204e-23
2.73183584,-1.515249885670e-22
2.75185537,3.152669570909e-23
2.7718749,1.214655959493e-22
2.79189444,-9.020436053733e-23
2.81191397,-5.080384866623e-23
2.8319335,2.369312306479e-23
2.85195303,7.479107539528e-23
2.87197256,1.878306641548e-22
2.89199209,-1.079921617788e-23
2.91201162,1.157151749586e-22
2.93203115,2.067498236836e-22
2.95205069,-1.726125286588e-22
2.97207022,1.273221169268e-22
2.99208975,-1.967637446075e-23
3.01210928,-8.521935932926e-24
3.03212881,-2.826221975168e-23
3.05214834,-1.258252115303e-23
3.07216787,-2.615418763494e-22
3.0921874,-4.430621881561e-23
3.11220694,-4.850484014160e-23
3.13222647,1.641359840510e-22
3.152246,-1.371544590737e-23
3.17226553,3.014539896193e-23
3.19228506,-1.586043574948e-22
3.21230459,1.620898940188e-22
3.23232412,-1.490345139663e-22
3.25234365,1.472863920035e-22
3.27236319,-4.669488519625e-23
3.29238272,-1.110065292246e-22
3.31240225,-3.293719876420e-23
3.33242178,1.600614526472e-22
3.35244131,1.901994047974e-22
3.37246084,9.945614040235e-23
3.39248037,1.430831489077e-22
3.4124999,-1.757924921003e-22
3.43251944,-2.100733218760e-22
3.45253897,-6.655652185590e-23
3.4725585,-5.491514950022e-23
3.49257803,-1.734290911573e-22
3.51259756,-5.737532155800e-23
3.53261709,3.763231398035e-23
3.55263662,1.118731437622e-23
3.57265615,9.117808977056e-23
3.59267569,4.181374781009e-23
3.61269522,-1.014595171271e-22
3.63271475,-7.116088531283e-23
3.65273428,1.657274735734e-23
3.67275381,-2.062401201227e-22
3.69277334,1.408696327132e-22
3.71279287,4.458525366788e-26
3.7328124,-3.820265731382e-24
3.75283194,-1.846771694147e-22
3.77285147,2.483898027727e-22
3.792871,-1.297360206588e-22
3.81289053,6.821031342447e-23
3.83291006,1.860607661579e-22
3.85292959,1.195433492962e-22
3.87294912,-1.995215087805e-22
3.89296865,-5.060008331925e-23
3.91298819,1.209114030655e-22
3.93300772,-3.128713982429e-23
3.95302725,-1.539217722815e-23
3.97304678,-1.010894740684e-22
3.99306631,-5.335642069055e-23
4.0128417,1.247895035779e-22
4.03286123,6.194269080463e-23
4.05288076,-1.886709301280e-22
4.0729003,3.741433581626e-23
4.09291983,-1.469324067900e-22
4.11293936,1.154320856281e-22
4.13295889,-6.124347623999e-23
4.15297842,7.300059969577e-23
4.17299795,5.262647579966e-23
4.19301748,1.295686004987e-22
4.21303701,9.269641409901e-23
4.23305655,7.439885482993e-23
4.25307608,1.749447507851e-22
4.27309561,1.512706375792e-22
4.29311514,-5.324532666212e-23
4.31313467,-7.964103623368e-23
4.3331542,-5.608624695162e-23
4.35317373,-1.743750374223e-23
4.37319326,7.239104845922e-23
4.3932128,8.230652102680e-23
4.41323233,-8.098648960499e-24
4.43325186,5.620248575982e-23
4.45327139,1.481884751755e-23
4.47329092,2.638324670025e-22
4.49331045,-6.096394977110e-23
4.51332998,7.212938589745e-23
4.53334951,-2.005305097158e-23
4.55336905,4.527275493019e-23
4.57338858,-3.290937387783e-23
4.59340811,1.984859999147e-23
4.61342764,-3.157197888275e-23
4.63344717,-2.236191302454e-23
4.6534667,1.277022388415e-22
4.67348623,3.696327569908e-23
4.69350576,-3.931525341528e-23
4.7135253,2.402080559777e-22
4.73354483,6.045319695936e-23
4.75356436,1.342433007747e-22
4.77358389,-2.950694571549e-22
4.79360342,-1.614063260573e-22
4.81362295,1.352803620265e-22
4.83364248,-1.090667913434e-23
4.85366201,-4.429151142425e-23
4.87368155,-9.377571138753e-23
4.89370108,-1.892008165088e-22
4.91372061,-1.405219190361e-23
4.93374014,1.592558244994e-22
4.95375967,1.882045720329e-22
4.9737792,9.470896755671e-23
4.99379873,1.787825943683e-22
5.01381826,2.031559343383e-22
5.0338378,1.698499486889e-22
5.05385733,6.479355532988e-23
5.07387686,-1.161699868373e-22
5.09389639,-2.009046385981e-22
5.11391592,7.622026002971e-23
5.13393545,4.483304673640e-23
5.15395498,-9.158446467051e-23
5.17397451,-2.317702036484e-22
5.19399405,2.548506295086e-23
5.21401358,-8.494549639216e-23
5.23403311,-2.785804646896e-22
5.25405264,-1.015412576745e-22
5.27407217,1.552020473834e-23
5.2940917,4.644253079656e-23
5.31411123,1.183266854354e-22
5.33413076,-2.998044050783e-23
5.3541503,5.443624677202e-23
5.37416983,1.004964678574e-22
5.39418936,-2.577313008535e-23
5.41420889,-1.558010880690e-22
5.43422842,-1.561472674274e-22
5.45424795,4.212467468845e-23
5.47426748,1.725380022770e-23
5.49428701,1.388171779175e-22
5.51430655,9.296660710101e-23
5.53432608,8.583525349458e-23
5.55434561,-2.034759269213e-22
5.57436514,1.374842779703e-22
5.59438467,-6.687679540222e-23
5.61416006,-2.446013971834e-23
5.63417959,1.017922124602e-22
5.65419912,-1.741257000268e-24
5.67421865,-1.512494361305e-24
5.69423819,5.565199289060e-23
5.71425772,5.624820260016e-24
5.73427725,1.414384263551e-22
5.75429678,1.157943499363e-22
5.77431631,7.048474909597e-23
5.79433584,2.749855947270e-23
5.81435537,1.083833040159e-23
5.8343749,-9.459947746440e-23
5.85439444,1.380499107844e-22
5.87441397,1.459940855864e-22
5.8944335,4.193591149802e-23
5.91445303,4.239276436638e-23
5.93447256,-6.092650359114e-23
5.95449209,2.091272999225e-22
5.97451162,2.129623604844e-22
5.99453115,1.826085955339e-22
6.01455069,1.142330316873e-22
6.03457022,-1.301744723729e-22
6.05458975,-1.822152386551e-24
6.07460928,3.073011495538e-23
6.09462881,-1.590846046654e-22
6.11464834,2.109397739045e-23
6.13466787,1.000514452844e-22
6.1546874,-1.878583554413e-23
6.17470694,7.183820778741e-23
6.19472647,1.320471029627e-22
6.214746,1.872512961866e-22
6.23476553,2.305172871980e-22
6.25478506,-8.246917465052e-23
6.27480459,-1.368463278498e-23
6.29482412,1.174266320003e-22
6.31484365,1.927356953596e-22
6.33486319,9.334349473059e-23
6.35488272,9.762804328523e-23
6.37490225,-3.692532275985e-23
6.39492178,-6.541029090739e-23
6.41494131,-1.715308663662e-23
6.43496084,-1.090919645905e-23
6.45498037,2.251721153487e-23
6.4749999,-9.057135616943e-23
6.49501944,1.392348387592e-22
6.51503897,-2.755698107945e-22
6.5350585,-9.528670232644e-24
6.55507803,6.573238884400e-23
6.57509756,-2.994817898332e-23
6.59511709,1.668309300168e-22
6.61513662,-3.965445853670e-23
6.63515615,-2.391140600963e-22
6.65517569,1.007003461950e-22
6.67519522,-1.846259340694e-22
6.69521475,-1.868521351391e-22
6.71523428,-2.339946476756e-22
6.73525381,-4.783794935810e-23
6.75527334,-1.374361830224e-22
6.77529287,-8.084782385666e-24
6.7953124,6.455487545656e-23
6.81533194,1.999079750299e-22
6.83535147,-7.766463868681e-23
6.855371,-1.191002146375e-23
6.87539053,5.326227297626e-23
6.89541006,1.276399160997e-22
6.91542959,9.747673543401e-23
6.93544912,8.039363966484e-23
6.95546865,4.873825075632e-23
6.97548819,1.215634106802e-22
6.99550772,6.627894321697e-24
7.01552725,5.120027230803e-23
7.03554678,-2.906423637485e-22
7.05556631,-1.971669105050e-22
7.07558584,1.997531432824e-22
7.09560537,1.656906543759e-22
7.1156249,-6.916884787984e-23
7.13564444,4.414739864014e-23
7.15566397,-1.259857348550e-22
7.1756835,3.876100954344e-23
7.19570303,6.459290707070e-23
7.21547842,-8.814822478039e-23
7.23549795,1.727741921134e-22
7.25551748,3.064177584513e-23
7.27553701,-5.110838229820e-23
7.29555655,1.059097605050e-22
7.31557608,-9.253866606866e-24
7.33559561,1.842432980115e-22
7.35561514,4.888368209753e-23
7.37563467,1.105023016228e-22
7.3956542,3.804591486829e-23
7.41567373,2.209307958648e-22
7.43569326,5.718304826183e-23
7.4557128,-1.245588910218e-22
7.47573233,1.625772273804e-22
7.49575186,-8.661789617417e-23
7.51577139,-1.309144686089e-22
7.53579092,1.863636148791e-22
7.55581045,5.489166430192e-23
7.57582998,1.777153409250e-22
7.59584951,1.041124369578e-22
7.61586905,-9.423189190571e-23
7.63588858,6.425655185109e-23
7.65590811,-1.969493807431e-22
7.67592764,2.898663213987e-22
7.69594717,-4.845096354763e-23
7.7159667,3.607037605102e-23
7.73598623,-1.013881506349e-22
7.75600576,9.504566423748e-23
7.7760253,-7.974436246485e-23
7.79604483,2.340148363426e-22
7.81606436,7.150824479679e-24
7.83608389,-2.692642982351e-22
7.85610342,-1.830416496179e-22
7.87612295,6.175218120066e-23
7.89614248,-8.400083114997e-23
7.91616201,1.239117166856e-23
7.93618155,7.062784251575e-23
7.95620108,-2.387920137701e-22
7.97622061,1.144414734303e-22
7.99624014,6.416812815774e-23
8.01625967,2.925265437659e-23
8.0362792,9.190044889114e-23
8.05629873,-4.448774735968e-23
8.07631826,-2.134662294574e-22
8.0963378,6.302259694612e-23
8.11635733,5.451017537901e-23
8.13637686,-2.358952560283e-23
8.15639639,4.347096115583e-23
8.17641592,-3.354886321860e-23
8.19643545,6.285842197432e-23
8.21645498,-2.269283670766e-23
8.23647451,-2.213926242132e-23
8.25649405,-1.961546357472e-23
8.27651358,1.104969116001e-22
8.29653311,1.579934595261e-22
8.31655264,8.247089724312e-23
8.33657217,1.551033610703e-22
8.3565917,8.354308783325e-23
8.37661123,-4.571574905862e-23
8.39663076,-2.117998010600e-23
8.4166503,7.449360561158e-24
8.43666983,1.727618552651e-23
8.45668936,7.972888172115e-23
8.47670889,-4.694374825292e-23
8.49672842,7.855111132205e-23
8.51674795,1.132366351379e-22
8.53676748,-2.567944795375e-24
8.55678701,5.194225061889e-23
8.57680655,9.585231235005e-23
8.59682608,5.503684681169e-23
8.61684561,1.168746031849e-22
8.63686514,-7.688525339194e-23
8.65688467,-4.004010170557e-23
8.6769042,4.177277574684e-24
8.69692373,-1.660372244255e-22
8.71694326,2.358538271105e-23
8.7369628,-1.183217975789e-22
8.75698233,5.884208317487e-23
8.77700186,1.309781279666e-22
8.79702139,1.349802339942e-22
8.81679678,4.403679042100e-23
8.83681631,2.297924464261e-22
8.85683584,3.137669832446e-22
8.87685537,1.383847781371e-22
8.8968749,1.418630008676e-22
8.91689444,1.123310053116e-23
8.93691397,5.770728013794e-24
8.9569335,6.376029869674e-23
8.97695303,8.873790681297e-23
8.99697256,2.883913681207e-23
9.01699209,-1.381359844702e-22
9.03701162,1.132637719282e-22
9.05703115,-1.768707533802e-22
9.07705069,-2.172778781482e-22
9.09707022,-2.190323621951e-22
9.11708975,6.368949747860e-23
9.13710928,-2.662107321104e-22
9.15712881,-1.823538483154e-22
9.17714834,2.288514001691e-22
9.19716787,4.150987462984e-23
9.2171874,-6.592279158213e-23
9.23720694,4.464713152775e-23
9.25722647,-2.061456073053e-22
9.277246,5.094887822906e-23
9.29726553,1.001970677033e-22
9.31728506,-3.030610815566e-24
9.33730459,-1.699707375639e-22
9.35732412,-3.547551507930e-23
9.37734365,-1.580812838386e-23
9.39736319,1.148117536671e-22
9.41738272,-9.706477835665e-24
9.43740225,-1.811778734164e-22
9.45742178,-5.133047148035e-23
9.47744131,2.645551807964e-23
9.49746084,-4.149149878933e-23
9.51748037,-1.806208604230e-22
9.5374999,5.596228384093e-23
9.55751944,3.791090822665e-23
9.57753897,2.145728728167e-22
9.5975585,1.628709853229e-22
9.61757803,6.793030694481e-23
9.63759756,-4.148728347934e-23
9.65761709,-1.029519667553e-22
9.67763662,-1.574883672878e-23
9.69765615,1.307480410088e-22
9.71767569,6.683093290514e-23
9.73769522,-9.140770540648e-23
9.75771475,-8.377401461968e-23
9.77773428,8.373818321192e-23
9.79775381,9.653077625813e-23
9.81777334,1.754755303617e-23
9.83779287,-1.345715825095e-22
9.8578124,-1.648307237578e-22
9.87783194,6.478712771229e-23
9.89785147,-1.905061367912e-23
9.917871,1.673647992604e-22
9.93789053,-5.561338622236e-24
9.95791006,-1.898495933710e-22
9.97792959,9.875967039254e-23
9.99794912,3.289842739787e-23
10.01796865,-8.118143196814e-23
10.03798819,1.364770432078e-22
10.05800772,-3.926353126500e-24
10.07802725,1.948999127336e-23
10.09804678,1.974992211669e-22
10.11806631,-7.262263741863e-23
10.13808584,3.668509728133e-22
10.15810537,1.261912258591e-22
10.1781249,-8.205588644491e-25
10.19814444,1.243446013246e-24
10.21816397,-5.859716870921e-23
10.2381835,-2.651428198581e-23
10.25820303,8.611352920767e-24
10.27822256,1.068352492000e-22
10.29824209,1.560041649324e-22
10.31826162,1.544656997943e-22
10.33828115,6.366639163502e-23
10.35830069,1.860780076030e-22
10.37832022,1.179383291540e-22
10.39833975,1.008542010699e-22
10.41811514,1.261705554183e-22
10.43813467,1.372248000158e-22
10.4581542,-1.167782179803e-22
10.47817373,-3.314196743117e-23
10.49819326,-2.023057252990e-22
10.5182128,-1.350772117883e-22
10.53823233,9.179102024455e-23
10.55825186,7.709694389417e-23
10.57827139,-1.789076005591e-22
10.59829092,-1.491750056877e-22
10.61831045,8.744021351386e-23
10.63832998,-4.444558581143e-23
10.65834951,-5.827938126911e-24
10.67836905,1.347668859132e-22
10.69838858,-1.821853353814e-22
10.71840811,-3.316742650231e-24
10.73842764,-1.495593117636e-23
10.75844717,-6.574669506469e-23
10.7784667,-2.869976368985e-23
10.79848623,4.821728245189e-23
10.81850576,2.938385745623e-23
10.8385253,-6.094942917630e-23
10.85854483,-1.367195812379e-22
10.87856436,-5.916119948055e-23
10.89858389,1.174003213319e-22
10.91860342,-1.432427696407e-22
10.93862295,8.346269673517e-23
10.95864248,8.793866533287e-23
10.97866201,8.446402775995e-24
10.99868155,-1.261014392362e-22
11.01870108,-1.190117202075e-22
11.03872061,-4.539866076874e-23
11.05874014,-1.631102077066e-22
11.07875967,-6.745951964452e-23
11.0987792,-1.672612353241e-22
11.11879873,-1.712280841396e-22
11.13881826,-4.566098894287e-23
11.1588378,-1.685540866186e-22
11.17885733,3.978902640198e-23
11.19887686,-7.313256942661e-23
11.21889639,-3.307042534502e-23
11.23891592,3.699721161286e-23
11.25893545,-1.777729061567e-22
11.27895498,-2.791372203605e-22
11.29897451,1.084643472900e-22
11.31899405,-2.155316421837e-22
11.33901358,-1.351983013894e-22
11.35903311,2.552775044781e-23
11.37905264,-2.697427247898e-23
11.39907217,2.870076742736e-22
11.4190917,-1.212518956073e-22
11.43911123,1.067695041149e-22
11.45913076,5.007981754098e-23
11.4791503,1.069626057569e-22
11.49916983,-8.833916078226e-23
11.51918936,-1.492336767391e-22
11.53920889,-3.931586522854e-23
11.55922842,-1.099394224932e-22
11.57924795,-1.124732455665e-22
11.59926748,-3.949690913169e-23
11.61928701,-8.211033108568e-23
11.63930655,-1.221274731437e-22
11.65932608,1.361353606293e-22
11.67934561,-1.494475151491e-22
11.69936514,-1.434354552409e-22
11.71938467,4.522429459961e-23
11.7394042,3.147016719416e-23
11.75942373,9.364149070345e-24
11.77944326,2.664609979105e-22
11.7994628,-6.150868457406e-23
11.81948233,-2.787341028154e-23
11.83950186,8.673488483665e-23
11.85952139,-2.375610866226e-22
11.87954092,-1.449786725398e-22
11.89956045,1.057109015823e-22
11.91957998,-1.119806250057e-22
11.93959951,-1.638203052268e-22
11.95961905,-3.383233814203e-23
11.97963858,-9.956060202881e-23
11.99965811,-6.554089861437e-23
